Video Kimliği,Oynatma Listesi Video Oluşturma Zaman Damgası
MrQit3zvmuA,2022-02-12T18:35:44+00:00
RO4gqCJ9Pd8,2022-02-10T17:03:30+00:00
AVILx_CfAdA,2022-02-10T11:03:43+00:00
pmpmNKYfUs8,2022-02-09T20:55:20+00:00
2-wdtxAa65Y,2022-02-04T07:44:28+00:00
lEkSoYKhX2o,2022-02-02T07:13:06+00:00
joweUxpHaqc,2022-02-02T07:12:56+00:00
PqOH0L8b8gs,2022-02-01T21:31:30+00:00
pC6zs5BaEz8,2022-02-01T17:51:17+00:00
YShTGuoNM2k,2022-02-01T17:51:07+00:00
eRc6DprPSyI,2022-02-01T16:17:22+00:00
RDV3Z1KCBvo,2022-01-27T17:21:54+00:00
NEDsgpXlC94,2022-01-27T06:30:38+00:00
V6Vd1E9OL-U,2022-01-26T23:32:08+00:00
87SH2Cn0s9A,2022-01-26T13:16:54+00:00
lyJqgL3Zp4E,2022-01-26T00:18:18+00:00
0oPudDJG9Yo,2022-01-26T00:15:14+00:00
GyaiEbYJapI,2022-01-21T12:02:33+00:00
klZjGg6Fs4o,2022-01-05T05:45:49+00:00
XzgryPhtc1Y,2022-01-04T16:10:27+00:00
A_8sj7Yb9ZQ,2022-01-04T14:03:43+00:00
 -nkG1m4OM6s,2021-12-25T15:35:34+00:00
k5ZezBGitVs,2021-12-24T12:46:51+00:00
ZJy1ajvMU1k,2021-12-20T08:24:23+00:00
HWb-YBxV6jo,2022-02-13T19:12:16+00:00
v1desDduz5M,2021-12-10T21:54:15+00:00
qcArnr91cFc,2021-12-04T09:01:19+00:00
foD42-73wdI,2021-12-03T08:07:37+00:00
rAckwSyG4fU,2021-12-01T04:46:14+00:00
nHj09xU40bM,2021-11-30T21:25:27+00:00
Vz-xWiNgC50,2021-11-30T11:08:52+00:00
im5BsTRmi4I,2021-11-29T07:12:28+00:00
hKqjSiM38uM,2021-11-29T06:26:04+00:00
Hci8qHm1yyI,2021-11-26T18:28:41+00:00
51zzhEn8DxM,2021-11-26T18:09:44+00:00
PQG_gYFePD4,2021-11-24T08:35:58+00:00
5cPIukqXe5w,2021-11-22T07:19:33+00:00
JLpVFdnlg78,2021-11-21T17:27:47+00:00
FhTuVqkhnTs,2021-11-21T00:57:24+00:00
k5DagjoYBhE,2021-11-19T22:34:18+00:00
BGxtdiK1UT4,2021-11-17T16:15:11+00:00
AHLO8ptMuLc,2021-11-14T07:52:21+00:00
x-QwzUGSqGM,2021-11-05T09:06:25+00:00
avZTQgLs064,2021-11-04T06:50:40+00:00
Lt27okI196M,2021-11-02T14:17:02+00:00
UBMk30rjy0o,2021-10-31T19:03:51+00:00
GQkY6jsn1GU,2021-10-31T14:12:59+00:00
0mADjFrSVcU,2021-10-30T07:07:57+00:00
jPOxWOE-3Xk,2021-10-28T16:55:49+00:00
7fnVcXfPe5c,2021-10-27T10:54:26+00:00
kKj5zgMAo_M,2021-10-27T10:33:51+00:00
d6GtGbI-now,2021-10-27T08:36:17+00:00
9OfeNDukXm8,2021-10-27T07:24:40+00:00
a-4xTk2jE1o,2021-10-27T06:00:24+00:00
9ifIuEjQWtI,2021-10-26T20:26:09+00:00
Lkl9_3-jX6c,2021-10-26T20:24:14+00:00
iARaXGj5EeI,2021-10-26T19:48:28+00:00
GM-rFpfbzS0,2021-10-26T15:05:49+00:00
W2bKaw2AJxs,2021-10-26T13:52:48+00:00
4yaPpQ-kCRc,2021-10-26T06:27:51+00:00
oQBYTx9LNag,2021-10-25T16:32:24+00:00
zT9-_JsWz14,2021-10-21T15:38:02+00:00
8jxRn-T_LCs,2021-10-21T05:55:20+00:00
7FhifTGKtUQ,2021-10-20T06:41:04+00:00
pTAYyJB2wt0,2021-10-19T05:17:21+00:00
mFzFUM9Ulvg,2021-10-15T15:06:29+00:00
LxdoC2sG1i4,2021-10-12T05:08:26+00:00
_vcGF3HqZXg,2021-10-11T13:27:34+00:00
bk03DlJC9Mo,2021-10-11T04:52:43+00:00
777F2k72yoo,2021-10-11T04:52:10+00:00
D8tPkb98Fkk,2021-10-10T17:33:51+00:00
wDIQ17T3sRk,2021-10-09T21:37:08+00:00
9V-I4nDmwYQ,2021-10-09T21:23:03+00:00
fA28iMu0lAc,2021-10-08T20:39:48+00:00
PcFQnteNwvo,2021-10-06T11:34:35+00:00
3cYneto8vu4,2021-10-05T09:15:45+00:00
0bF8BWhqUGA,2021-10-04T04:17:20+00:00
I47xi2F3W9g,2021-10-01T05:56:25+00:00
zFh_EgLsBEU,2021-09-26T05:03:22+00:00
3mufsteNrTI,2021-09-26T05:00:01+00:00
Ewajc2eXZr0,2021-09-20T15:08:44+00:00
pZuE6JJz2Qg,2021-09-20T08:41:57+00:00
 -QYIm5WV04I,2021-09-20T07:54:53+00:00
XIrQKo-d7h4,2021-09-20T03:48:06+00:00
zIqlYd-fnVg,2021-09-20T03:47:54+00:00
h2rR77VsF5c,2021-09-18T05:11:54+00:00
fOJ_tL1C0oE,2021-09-17T19:07:58+00:00
Xpv-sEKl1B4,2021-09-16T06:07:33+00:00
rAgDaD01XAU,2021-09-16T05:54:43+00:00
LY6YVQr94dE,2021-09-09T11:09:04+00:00
odiFLpIdFkg,2021-09-09T04:45:56+00:00
ZrAiIvpZvhM,2021-09-07T09:54:14+00:00
D6_qpaSxAQc,2021-09-05T13:01:44+00:00
H60A3ev7pr0,2021-08-30T22:42:17+00:00
7GJ92p4h-QE,2021-08-29T15:02:58+00:00
ENw8znw2Vo4,2021-08-27T04:00:14+00:00
m1n7GTKogjM,2021-08-26T20:43:29+00:00
vcNoVWk7rFw,2021-08-26T05:19:05+00:00
Q2X5p2qlND4,2021-08-23T21:47:28+00:00
8IdlwJ3qgSE,2021-08-21T08:39:58+00:00
yUR3RBa1xP0,2021-08-21T04:37:18+00:00
fXDgZc3VAIU,2021-08-19T15:12:26+00:00
N3FS9mRLFG4,2021-08-19T06:50:31+00:00
_hlRm2bJMcU,2021-08-19T06:50:00+00:00
xg60VxyK-9I,2021-08-19T06:49:22+00:00
Kb6CktirkEQ,2021-08-17T21:29:33+00:00
6xeFf7VHUdU,2021-08-15T19:17:34+00:00
y745R3Lv9WI,2021-08-15T19:17:28+00:00
eO2BRkUeN3k,2021-08-14T23:09:45+00:00
 -Mt-qUQceN8,2021-08-14T17:32:10+00:00
S7yTahoEWvQ,2021-08-12T16:54:25+00:00
nLWoa-S30Ko,2021-08-12T16:54:16+00:00
8XRAUYHcmE4,2021-08-12T05:52:24+00:00
zrJqnu3ysWw,2021-08-12T05:09:56+00:00
Eqf3TaihsOI,2021-08-10T17:37:19+00:00
N7qjp_ihY1A,2021-08-09T12:59:52+00:00
5G_kFeCgQYQ,2021-08-09T10:55:09+00:00
W0EsmCzZEkI,2021-08-09T10:53:40+00:00
E7PuvOKpAyw,2021-08-09T07:14:13+00:00
RgWQCGX3MOk,2021-08-08T07:08:40+00:00
Fxl5nil5EMo,2021-08-06T11:16:37+00:00
Yjee_e4fICc,2021-08-05T21:23:15+00:00
ljkBlHEP_Cc,2021-08-05T09:30:32+00:00
F3QpgXBtDeo,2021-08-04T15:17:59+00:00
I0-izyq6q5s,2021-08-03T16:30:16+00:00
l_NYrWqUR40,2021-08-03T11:42:41+00:00
SoMwhrNn9EU,2021-08-03T10:03:30+00:00
n3Xv_g3g-mA,2021-08-03T10:03:23+00:00
IRAPRiI0JGw,2021-08-03T07:37:21+00:00
GEQhDeNyM8s,2021-08-03T04:38:56+00:00
UW6WSWyfMBs,2021-08-03T04:38:46+00:00
pD27YuJG3L8,2021-08-02T21:02:36+00:00
NOl0v54DaXo,2021-08-02T21:01:28+00:00
ZhYxXwi_VCU,2021-08-02T21:01:08+00:00
dtKciwk_si4,2021-08-02T21:00:46+00:00
IjiKUmfaZr4,2021-08-01T13:37:51+00:00
6p9Il_j0zjc,2021-08-01T13:36:19+00:00
b-LF-iLS_ys,2021-07-31T21:30:43+00:00
8YV8KmfBbBM,2021-07-31T21:30:08+00:00
KVZbEE0nx70,2021-07-29T21:15:01+00:00
2lPigwZnV1g,2021-07-29T21:14:55+00:00
V01ME8yNKeY,2021-07-29T21:11:20+00:00
oAdBznerW1U,2021-07-28T21:22:58+00:00
pdAt8JhBnMU,2021-07-28T21:22:45+00:00
T2Za2-Mwzuc,2021-07-26T16:35:41+00:00
Y18Vz51Nkos,2021-07-21T15:52:31+00:00
yBCj8Kg9lZg,2021-07-20T04:59:12+00:00
Ke9ki4Fdqkc,2021-07-19T13:52:32+00:00
ld_8zROYDzw,2021-07-18T21:06:09+00:00
 --P6IGVLVZo,2021-07-17T17:50:02+00:00
GL5h56-HurY,2021-07-17T02:33:15+00:00
2Q-Y83GE6To,2021-07-17T02:32:44+00:00
9MbQKWwJxBg,2021-07-17T02:32:27+00:00
di2FM8WZI5E,2021-07-16T21:34:43+00:00
ETbe_GyGngA,2021-07-16T06:58:44+00:00
0jqIHvb7yKk,2021-07-16T06:34:04+00:00
eY1FF6SEggk,2021-07-15T20:05:22+00:00
bV_NdUZEmnE,2021-07-15T15:07:58+00:00
rTJcpSWtVKI,2021-07-15T06:19:02+00:00
GwT6gGMRr9s,2021-07-15T06:18:15+00:00
RYjFuE0pioU,2021-07-15T06:18:11+00:00
cyRDSqopIyA,2021-07-15T03:40:56+00:00
iDbdXTMnOmE,2021-07-14T16:28:19+00:00
v7bt6_gntpQ,2021-07-14T12:25:12+00:00
Wxdj970RM7M,2021-07-13T21:21:25+00:00
XPDVmBg5DeE,2021-07-13T21:20:27+00:00
5530I_pYjbo,2021-07-13T18:35:18+00:00
DMuBif1mJz0,2021-07-12T21:31:50+00:00
KDGJmzqvKTg,2021-07-03T04:37:05+00:00
vZALsmQrIqc,2021-07-01T12:16:33+00:00
J27J9L_aGGk,2021-06-26T11:34:14+00:00
on7cixfDl8I,2021-06-26T10:22:25+00:00
n-vRuKeQsIE,2021-06-21T11:47:58+00:00
8WEMZ86Eho8,2021-06-20T17:28:28+00:00
emPiw9U7Lz4,2021-06-19T20:45:13+00:00
5nGESyDgmdw,2021-06-19T19:27:35+00:00
I_VTQP4UPWE,2021-06-19T19:27:23+00:00
cWW04I9vFAw,2021-06-19T19:21:15+00:00
4yqwKdMCbBY,2021-06-16T18:22:25+00:00
Mk6CVg_el6E,2021-06-16T13:21:07+00:00
64rl3JG_eFw,2021-06-13T01:48:57+00:00
BtQhb8sWJNw,2021-06-12T19:47:20+00:00
RHS_jgjYXA0,2021-06-11T17:59:37+00:00
RxQsnyaZBTs,2021-06-11T10:49:18+00:00
sPrP6EajGAU,2021-06-09T17:34:47+00:00
rEbbPWrfrVI,2021-06-08T19:51:31+00:00
nfhx2oJnmgI,2021-06-08T10:17:24+00:00
rL8qSfXIo4M,2021-06-07T19:45:51+00:00
XjH3Gr9-ffs,2021-06-06T15:04:54+00:00
9o5IzkevnoY,2021-06-06T14:49:08+00:00
Il1Cy4tQCkk,2021-06-04T19:46:58+00:00
6TRY4wHDwkw,2021-06-03T13:14:12+00:00
paUSXWMboxM,2021-06-02T04:33:24+00:00
PCoyTwltu5g,2021-06-01T18:08:32+00:00
2ABUikD2-AY,2021-05-31T12:41:07+00:00
pIoyE41tJY8,2021-05-30T12:01:27+00:00
gCFv3RSfdc4,2021-05-30T07:14:09+00:00
kINLR7a9sZU,2021-05-29T18:39:08+00:00
s6y7zf9Lx-w,2021-05-29T15:33:42+00:00
7H3z3J50XCs,2021-05-29T15:22:40+00:00
WUX0hB1u0vE,2021-05-27T13:59:56+00:00
hbfiJHW-LP4,2021-05-26T18:04:27+00:00
WS6_CeuSn_s,2021-05-23T11:47:22+00:00
1qRir364aNk,2021-05-23T11:09:36+00:00
b0IuTL3Z-kk,2021-05-23T04:02:13+00:00
FL78cx9voRA,2021-05-22T06:59:52+00:00
hC3biwSgffA,2021-05-14T12:59:51+00:00
tjEKGrhxWxg,2021-05-14T12:56:14+00:00
bstOsDXrRUs,2021-05-11T18:18:20+00:00
LgzudBvmd08,2021-05-10T13:48:46+00:00
pQmrobJyu_Y,2021-05-09T13:13:41+00:00
IMdqly5JV1I,2021-05-08T14:04:17+00:00
EqvEFutQ12U,2021-05-08T14:04:07+00:00
D_Y18GEjfNY,2021-05-07T10:07:05+00:00
hsE29WzeBew,2021-05-05T19:20:38+00:00
5Ct4LgV8flU,2021-05-05T13:48:06+00:00
VsDtnTvgDB0,2021-05-05T10:09:35+00:00
K49QOM_B8dA,2021-05-03T17:31:22+00:00
RRWpu2Rwxl0,2021-05-01T07:28:12+00:00
u68-8AQhUKg,2021-04-30T18:27:21+00:00
wZjJvTdKY2o,2021-04-26T17:04:03+00:00
kE_nxV3HqCs,2021-04-25T18:32:43+00:00
m2iPoRHLSqQ,2021-04-25T15:05:43+00:00
nvSh3hnA8Eg,2021-04-25T14:19:24+00:00
VjINuQX4hbM,2021-04-22T16:43:49+00:00
YKXIxbH29os,2021-04-22T08:35:54+00:00
TrdLpbflXyQ,2021-04-20T14:07:47+00:00
sZRqq0RS3wY,2021-04-20T08:10:06+00:00
uNT_AxXrUGs,2021-04-19T17:52:07+00:00
puUR1oxnNP0,2021-04-19T13:44:53+00:00
O79vht12cSI,2021-04-19T13:44:13+00:00
gBJjRYk0yC0,2021-04-19T13:27:16+00:00
dqONk48l5vY,2021-04-18T19:40:10+00:00
MNqEQrDywvQ,2021-04-18T19:19:42+00:00
ZB4Mot5XVTc,2021-04-18T12:08:38+00:00
tspdJ6hxqnc,2021-04-18T11:52:22+00:00
4iUduCtx7cA,2021-04-16T13:20:57+00:00
uSOOO3KBKDY,2021-04-14T16:07:28+00:00
TrOIk5Fp_AU,2021-04-13T16:29:03+00:00
pKVonlfTCNk,2021-04-11T15:31:27+00:00
k8daD9OEZpU,2021-04-11T14:59:31+00:00
xnYKFW0WV-k,2021-04-07T14:21:43+00:00
OYKFolYZjwk,2021-04-07T09:16:29+00:00
CxwyCR-9xXU,2021-04-05T16:07:44+00:00
U0YcuXzndPI,2021-04-02T15:21:24+00:00
Z-b7YDMlGCg,2021-03-18T17:20:12+00:00
sdNUHpii2iU,2021-03-18T17:19:47+00:00
y50XmV3wBqI,2021-03-18T17:19:37+00:00
0fOX7qzjZiQ,2021-03-18T11:11:52+00:00
ARLHsBuuWdo,2021-03-18T10:05:23+00:00
Q1r5XZXT3bU,2021-03-18T09:12:19+00:00
ZdpQwpFcF2o,2021-03-18T09:04:15+00:00
ptIcK-g2eac,2021-03-18T08:33:30+00:00
RHMNlE9fbec,2021-03-18T06:34:52+00:00
mdAKGTaLlwg,2021-03-18T06:34:29+00:00
qTMKdfk8fwc,2021-03-17T19:58:46+00:00
nwsewSMWIas,2021-03-07T07:17:23+00:00
9yfu8i9ywQI,2021-02-27T09:29:02+00:00
bsCNrHG0g70,2021-02-15T22:10:08+00:00
bNCNAkELL78,2021-02-15T21:47:08+00:00
AMIzIDbclZQ,2021-02-15T15:33:12+00:00
9Le9pBkrOu0,2021-02-08T12:28:27+00:00
o0PpwAFeJlU,2021-02-08T12:28:19+00:00
Km0hedcuhVw,2021-02-04T20:19:23+00:00
9-5R1MppAVo,2021-02-02T14:14:34+00:00
qLQVNcuS6KY,2021-02-02T12:04:57+00:00
f8k9dOKOhWU,2021-02-02T12:04:02+00:00
cFeZkRm61-I,2021-02-01T21:46:05+00:00
sM6XUdt1rm4,2021-02-01T19:56:47+00:00
2zbUIVevvB8,2021-01-31T22:54:55+00:00
TwCeikn2vbQ,2021-01-31T14:25:34+00:00
KTu_GbblMIY,2021-01-31T11:44:39+00:00
HeJKz1Cc0mc,2021-01-30T12:04:22+00:00
LLDdYjexGmg,2021-01-29T22:07:10+00:00
LQ8JOsc3-wU,2021-01-29T17:50:15+00:00
K5qCQpA7Kmo,2021-01-29T13:37:29+00:00
MDaEd478HWM,2021-01-29T13:17:35+00:00
zSmjW5fNUZA,2021-01-28T14:29:30+00:00
6VO9wAfHvC0,2021-01-27T20:28:52+00:00
CVrJdbMrCIY,2021-01-27T20:28:24+00:00
e9_7GcQeiqw,2021-01-27T16:31:21+00:00
1u2TF6eDVoM,2021-01-27T16:26:52+00:00
PqW40yZVFq0,2021-01-27T16:26:43+00:00
lrz6mZROJUw,2021-01-27T16:26:38+00:00
kzqMssU0qco,2021-01-27T16:26:36+00:00
43uTBB574g4,2021-01-27T16:26:07+00:00
459cYCZUK34,2021-01-27T16:25:55+00:00
VOoeQE4H2F0,2021-01-27T10:13:55+00:00
iNNsLYog7RQ,2021-01-27T10:00:25+00:00
c0ji5CNhB5Y,2021-01-27T08:57:17+00:00
gHye1TKOoYo,2021-01-27T08:57:05+00:00
eXBrn5wvl4A,2021-01-26T16:08:57+00:00
 -q78QXpSL2M,2021-01-25T11:30:33+00:00
F-gtPvZw1HI,2021-01-24T12:56:32+00:00
2kKSdANASos,2021-01-23T15:34:46+00:00
9RID_cUxM58,2021-01-23T15:06:21+00:00
 -CyYsA9tc7M,2021-01-23T11:17:58+00:00
T0E4VsR31hI,2021-01-22T18:25:37+00:00
dZ_IwkAE2ls,2021-01-22T18:23:09+00:00
 -v7rPDbcePE,2021-01-22T15:24:07+00:00
Ytpynd4-WpA,2021-01-22T12:02:14+00:00
MdkOflblzL4,2021-01-22T12:01:40+00:00
WQ6snVCCgt4,2021-01-21T17:52:46+00:00
_o2Y1QJT73M,2021-01-21T14:02:52+00:00
btd5yvy_kuU,2021-01-19T17:30:26+00:00
6JFVKnrE_d8,2021-01-18T14:55:53+00:00
fO3dKSQayfg,2021-01-17T17:39:39+00:00
hymVP5KABE8,2021-01-17T14:18:18+00:00
NgAjrtEmWxI,2021-01-16T17:45:56+00:00
N13WI3oVda8,2021-01-14T11:10:07+00:00
hJTy_8Dtbsc,2021-01-13T09:52:12+00:00
XMmlJnxP7Y4,2021-01-11T18:58:31+00:00
iKp5ARBBpyc,2021-01-11T14:49:50+00:00
Ywy9JEBbyuI,2021-01-10T15:51:08+00:00
Tb_6tlLcMco,2021-01-09T15:52:10+00:00
4CZ63JtV7bc,2021-01-09T13:28:26+00:00
Di-Awl0XyQs,2021-01-09T10:00:13+00:00
rNz-P2nGQOM,2021-01-09T08:10:28+00:00
qUxXbU2ModY,2021-01-09T08:10:21+00:00
EhJfJsn00-M,2021-01-09T08:05:28+00:00
0H-7WUnV4Sg,2021-01-09T08:05:14+00:00
GHYPheVohsE,2021-01-09T08:04:33+00:00
l6T63M1XiDg,2021-01-09T08:04:27+00:00
aagg7bzJyiw,2021-01-08T16:25:30+00:00
3Sdcobe4kY8,2021-01-08T16:25:24+00:00
Ey68aMOV9gc,2021-01-08T13:33:55+00:00
oRBPXJFEYGM,2021-01-07T20:48:14+00:00
xKcYnHVpKJ8,2021-01-07T15:33:14+00:00
gEL8aHfSk-4,2021-01-07T14:31:04+00:00
3cMz4V8dFPg,2021-01-06T21:02:03+00:00
ClzTDsQDC0E,2021-01-06T20:29:40+00:00
XhQjMkcPRV0,2021-01-06T16:51:47+00:00
 -vIb4nu1vAE,2021-01-06T15:24:15+00:00
XkUKpuecEeU,2021-01-06T10:07:31+00:00
0UaakJ5rZXk,2021-01-04T07:06:18+00:00
Fm5DzyoMJC8,2020-12-23T07:51:07+00:00
SzRDH8XHjXI,2020-12-23T07:51:01+00:00
j5UW3KXGsDs,2020-12-13T11:58:59+00:00
4MX88kFrxNo,2020-12-13T08:25:59+00:00
nqwvvmzfWDA,2020-12-10T17:17:03+00:00
9O--R7E32jw,2020-12-08T13:55:37+00:00
QZwneRb-zqA,2020-12-05T21:14:05+00:00
7wggqBATGP0,2020-12-05T09:04:02+00:00
wcueSXGueJs,2020-12-01T22:08:13+00:00
tSQ945a41kM,2020-11-23T14:21:10+00:00
L9l8zCOwEII,2020-11-18T12:41:25+00:00
ZfL7rXbT7gM,2020-11-11T17:19:30+00:00
7ATs5PZx_k4,2020-11-11T15:49:20+00:00
F9Z9XtL5chI,2020-11-10T17:27:21+00:00
agvSSuJ9PGs,2020-11-09T17:05:52+00:00
qWskpL5En_s,2020-11-09T16:25:45+00:00
VFdZSzH0H_8,2020-11-09T16:25:29+00:00
2DFdZwd4xKg,2020-11-08T08:30:10+00:00
SqPGzW8EsdM,2020-11-07T07:50:20+00:00
8l-QWstpljw,2020-11-06T14:57:22+00:00
hfFZVXmBOiM,2020-11-02T17:15:05+00:00
ZQDGJn89uNk,2020-10-28T05:02:10+00:00
V7z7BAZdt2M,2020-10-28T05:01:56+00:00
Pb3AAfz5Yjg,2020-10-25T09:33:12+00:00
rR4n-0KYeKQ,2020-10-23T12:38:41+00:00
IHBLbGvwO6I,2020-10-21T07:03:26+00:00
gwaxM8qupBQ,2020-10-17T16:26:46+00:00
oBNuQRC8cvk,2020-10-16T20:05:00+00:00
20zDV9MNE0s,2020-10-06T15:06:27+00:00
cienXRha-XI,2020-10-04T09:13:37+00:00
9i4SKHbhbqk,2020-10-04T08:35:16+00:00
zWg7U0OEAoE,2020-09-27T19:47:54+00:00
SsSX-eJsPtw,2020-09-21T16:05:08+00:00
6CTSUjT4Xuk,2020-09-21T11:31:09+00:00
uOji0f5xyrg,2020-09-12T18:09:43+00:00
-42Z-_Kq0QU,2020-09-12T11:05:40+00:00
ofTiKY3hYdE,2020-09-11T10:21:25+00:00
NybhwoK6am0,2020-09-08T06:06:28+00:00
F05fvnuF6iw,2020-09-08T06:05:54+00:00
WEhNHKPnJHk,2020-09-05T09:48:43+00:00
QcUey-DVYjk,2020-09-05T07:07:22+00:00
9p7-YC91Q74,2020-09-05T06:14:38+00:00
zMiYq3x_IgQ,2020-09-03T18:22:09+00:00
I0LD1m8EIKY,2020-08-28T12:13:03+00:00
7wYU9lbNfOo,2020-08-24T08:05:28+00:00
NWGVFi-213w,2020-08-19T13:12:57+00:00
qH4h5zOOX8M,2020-08-18T06:54:10+00:00
7A0nm0SxwKI,2020-08-16T18:02:28+00:00
leMp0y8MkLM,2020-08-16T18:02:12+00:00
EEontaup6Gw,2020-08-15T05:52:20+00:00
RS3JuDwUZMU,2020-08-14T05:47:29+00:00
BSBEUcAyFyk,2020-08-14T05:47:12+00:00
Sh5hYZj-JOE,2020-08-10T11:45:13+00:00
92cjFZzTuVM,2020-08-10T11:44:22+00:00
1NwZko2nXCc,2020-08-10T08:32:28+00:00
E33FuP1oenA,2020-08-10T07:01:27+00:00
isDOO7iQvyQ,2020-08-10T06:54:13+00:00
qszGzNoopTc,2020-08-08T08:29:09+00:00
24Jy3Q-La5I,2020-08-08T06:59:40+00:00
8JoTw_JuE78,2020-08-07T07:20:36+00:00
FTociictyyE,2020-08-04T13:51:43+00:00
81--kVsveqQ,2020-07-20T17:37:17+00:00
G9uZ7fxgBjY,2020-07-05T12:47:47+00:00
TChe6kt9n7E,2020-07-04T15:17:16+00:00
CwRttSfnfcc,2020-06-25T17:20:24+00:00
Q_Q-7bXKzmw,2020-06-11T13:11:21+00:00
WNcNLvfhl_Q,2020-06-06T15:52:48+00:00
p-SikBqk2PM,2020-06-05T20:59:33+00:00
rnU8ICyu2T4,2020-05-29T13:55:31+00:00
irqRCD_r5RA,2020-05-25T09:44:40+00:00
v8YO3Ut65E0,2020-05-25T08:44:05+00:00
GULackmdA8E,2020-05-25T08:44:03+00:00
lndDeKYw4_s,2020-05-25T08:02:11+00:00
riQcUFbIM9Q,2020-05-23T07:55:37+00:00
2urfDpHFWoQ,2020-05-18T10:19:50+00:00
ozmGJuTc-Rc,2020-05-17T08:09:38+00:00
bSPgmTQThrg,2020-05-10T11:59:29+00:00
HQm0Ssvryp4,2020-05-07T10:21:35+00:00
CK2Rgyt5Sb0,2020-05-02T15:33:56+00:00
6lWgTEQITIc,2020-05-01T14:51:18+00:00
xH60bCE7w_g,2020-05-01T14:51:04+00:00
0mijsyjdea0,2020-05-01T12:55:29+00:00
2KvAXe8DY5c,2020-05-01T12:54:31+00:00
6vST9jh7vUM,2020-05-01T12:53:32+00:00
VvJm4pQZ04s,2020-04-30T05:20:20+00:00
EhY5dlV8N0Y,2020-04-28T18:04:47+00:00
KtoB71tQC0g,2020-04-28T18:02:16+00:00
Ae81rtoBpOw,2020-04-21T15:52:00+00:00
wINNCCr4O5s,2020-04-21T15:51:53+00:00
fo_If5EpwZs,2020-04-18T21:13:27+00:00
XhrHi6Oryh0,2020-04-18T21:06:44+00:00
eT6Lb5bhNxw,2020-04-12T17:34:20+00:00
IW9hz1kZP2I,2020-04-11T21:24:35+00:00
5S19yI-NdUk,2020-04-10T15:13:41+00:00
2t7GE9i2gLc,2020-04-08T05:13:51+00:00
RMaCcZAjurM,2020-04-08T05:13:21+00:00
fLrKgwICkWA,2020-04-06T21:23:17+00:00
GKdR83QGIcg,2020-04-06T21:22:40+00:00
trfSTfvOCLc,2020-03-30T22:47:33+00:00
gWWjDxL9m-o,2020-03-29T17:11:25+00:00
Oz4IPT9jUhU,2020-03-28T14:41:05+00:00
mVw96zDhhiE,2020-03-26T10:24:30+00:00
E7ZuFDpIBL8,2020-03-15T17:55:00+00:00
hUV_UQjR2zw,2020-03-15T17:35:17+00:00
Y2eOW7XYWxc,2020-03-15T12:43:49+00:00
sLj9pqGHoFw,2020-03-02T15:14:41+00:00
pEWe9NgwUXc,2020-03-01T16:34:31+00:00
gozU3CUIizs,2020-02-28T12:49:53+00:00
10NTkGcW-HE,2020-02-23T22:36:05+00:00
Vzlx4WgEsJY,2020-02-20T10:50:12+00:00
PkaRgiKXxB8,2020-02-20T08:41:17+00:00
mf6GhC6QVEU,2020-02-20T08:40:00+00:00
YfDKe2b9Si4,2020-02-19T15:55:28+00:00
Bl5OFosjNZE,2020-02-18T22:36:48+00:00
oaD6j_iPNc0,2020-02-18T19:48:33+00:00
GsXvuJbZ_uc,2020-02-17T12:33:12+00:00
AgC7p14h3rY,2020-02-16T19:42:31+00:00
rEdl2Uetpvo,2020-02-16T17:18:15+00:00
s0n11F3wH7g,2020-02-16T16:38:42+00:00
M4KqBTZFTG0,2020-02-14T22:25:05+00:00
pioFto9aTEQ,2020-02-07T19:09:00+00:00
4AVqzw5YeDw,2020-02-02T14:12:36+00:00
cBacnCnGx-A,2020-02-02T13:49:34+00:00
huCH1PbP3Xo,2020-02-02T13:07:15+00:00
uDUtmwuS68Y,2020-02-01T17:02:33+00:00
vO8r5mkCfQM,2020-02-01T10:12:34+00:00
ZUODIpb1Bgg,2020-01-31T23:12:12+00:00
7_hbzpVhip4,2020-01-29T12:24:03+00:00
qTBfmwHN3_I,2020-01-27T06:44:36+00:00
QdIutxfm_hU,2020-01-26T23:27:46+00:00
7fICF_O5esc,2020-01-26T23:25:50+00:00
XJZ8DH7BEIc,2020-01-26T22:00:02+00:00
cMuI3GLltVE,2020-01-26T13:22:39+00:00
eOFGMW7CWSc,2020-01-21T09:37:04+00:00
rnDWTXYDMOg,2020-01-20T18:54:35+00:00
Goe-ODprA1A,2020-01-12T22:54:14+00:00
C8z8N3183-c,2020-01-10T20:39:13+00:00
aENfevT4wco,2020-01-07T10:45:05+00:00
GlyTCGqS1u8,2020-01-07T10:43:11+00:00
kx7P_ENnDPE,2019-12-30T23:10:42+00:00
FJ-93QIK1Ek,2019-12-24T23:25:45+00:00
YIjWwZwlHQg,2019-12-16T22:02:11+00:00
Xnu68l12PH0,2019-12-15T11:42:53+00:00
QvKvJXyvato,2019-12-15T11:41:07+00:00
kDH3YX93n8o,2019-12-13T19:22:51+00:00
245rm99Oz_c,2019-12-12T22:45:28+00:00
1oZCXOahdFo,2019-12-02T16:11:44+00:00
apWQucmQU5w,2019-12-02T14:20:12+00:00
iVz0cyybIvk,2019-12-01T21:45:41+00:00
TzfQvu98b_o,2019-11-30T19:16:05+00:00
yLtldhCuwL8,2019-11-27T17:48:09+00:00
INe9uJfsW_Y,2019-11-27T11:04:03+00:00
rpZYGyZXg8s,2019-11-26T19:19:51+00:00
L_xrDAtykMI,2019-11-22T18:53:49+00:00
gimeRpdqWQw,2019-11-22T10:31:34+00:00
zRd8NPdOdKY,2019-11-20T07:22:55+00:00
8bzsRpWb0t4,2019-11-19T21:58:25+00:00
M4K0s792wAU,2019-11-15T20:45:15+00:00
dinpkrcpKAk,2019-11-15T08:43:26+00:00
DzJrPu-DxEM,2019-11-14T23:14:03+00:00
wXN1GiRgtMU,2019-11-10T20:15:12+00:00
pn-W0DVQw8Y,2019-11-10T20:14:53+00:00
zrFI2gJSuwA,2019-11-06T13:17:57+00:00
AnYl6Nk9GOA,2019-10-21T22:38:07+00:00
nZZn2760fgA,2019-10-20T22:22:05+00:00
SWD_BYFZve4,2019-10-16T22:04:52+00:00
BPl7D20F2mE,2019-10-09T22:04:18+00:00
4C5mC7m1FsY,2019-10-07T10:19:59+00:00
hc3TEaT3WHA,2019-10-05T22:44:05+00:00
qWAagS_MANg,2019-10-05T22:38:43+00:00
E55gHIOXZEU,2019-10-05T22:18:40+00:00
Ew-3-8itpjc,2019-10-05T22:17:28+00:00
PSxxo6UQZvU,2019-09-30T17:06:59+00:00
mgjk7HUg1y4,2019-09-28T14:54:11+00:00
AEhBwiIEdj4,2019-09-25T07:38:00+00:00
 -o5y_SvB7Uw,2019-09-22T08:37:59+00:00
CttxM2xdqWQ,2019-09-21T14:59:03+00:00
R4TMsAG0Tog,2019-09-21T14:55:54+00:00
wJhwSBPrAeg,2019-09-21T14:54:34+00:00
vXZXXqsZwuM,2019-09-21T14:53:48+00:00
dkxgy8CT_5A,2019-09-21T14:52:39+00:00
YV0ipR-IY7c,2019-09-20T17:06:27+00:00
0LJb66aYtG8,2019-09-20T15:21:46+00:00
cvaibAcAFvE,2019-09-20T11:35:26+00:00
Yw-FSUEc8Pc,2019-09-20T08:56:37+00:00
vXBzaDQTzgs,2019-09-19T08:06:34+00:00
sv3TXMSv6Lw,2019-09-18T20:09:53+00:00
8JhG_lfiYPI,2019-09-17T11:05:32+00:00
ubSVLdgvbYo,2019-09-17T11:05:17+00:00
BSZV341M1E4,2019-09-17T10:44:36+00:00
79_IsTV8X-c,2019-09-15T20:53:37+00:00
cQjX9DzXTw0,2019-09-15T10:02:41+00:00
s9r-CxnCXkg,2019-09-15T06:47:38+00:00
1iGE8De5pxU,2019-09-13T15:04:57+00:00
v191Y8AUk6w,2019-09-13T10:31:58+00:00
8J2pCRDTK9o,2019-09-13T10:31:43+00:00
wHRXUeVsAQQ,2019-09-13T10:26:27+00:00
Q-vuR4PJh2c,2019-09-13T10:25:18+00:00
jFk-L7Wcg0g,2019-09-13T10:10:42+00:00
9BOR3zJ5xhM,2019-09-13T10:00:29+00:00
jQIWlEcqpc8,2019-09-13T09:59:32+00:00
IC9KIGDOkGc,2019-09-13T09:58:42+00:00
cFD0x5CxTy0,2019-09-13T09:58:33+00:00
t_Fc84FCb_s,2019-09-13T09:55:34+00:00
unPF_SkWP7k,2019-09-13T08:20:36+00:00
icr2j-IF5Zw,2019-09-12T07:27:47+00:00
3Zx3Q3ZvaaI,2019-09-12T04:56:24+00:00
sCqLRyjQ30U,2019-09-11T20:12:33+00:00
iryVj6eSD9U,2019-09-07T15:13:59+00:00
0u2dGCcHLdk,2019-09-02T20:28:48+00:00
 -nTaAnVfNpY,2019-09-02T20:28:13+00:00
j57HMjVM7Is,2019-09-02T07:27:50+00:00
CWlbjXwUMJI,2019-09-01T20:59:58+00:00
lG5SKOFMc9k,2019-09-01T20:58:56+00:00
cxn0l7ejTbc,2019-09-01T20:52:26+00:00
XNTj8RZVcrE,2019-09-01T20:52:20+00:00
d2RZXeQc5HU,2019-09-01T20:52:13+00:00
E8SLO3JgUbQ,2019-08-31T07:25:12+00:00
4zBnM_uozXM,2019-08-31T07:24:49+00:00
pc2xlLuCp4Y,2019-08-31T07:24:43+00:00
pTviCwLZkMY,2019-08-30T17:56:22+00:00
QWf6GR1MKQQ,2019-08-30T17:56:19+00:00
7wblGkVQx3U,2019-08-30T17:55:45+00:00
O3uA5pr9H94,2019-08-30T17:54:16+00:00
VUp-gK6i8lA,2019-08-30T17:54:14+00:00
6HxtxoXRFG0,2019-08-30T17:47:45+00:00
ocVsqhJ4jTU,2019-08-30T14:10:09+00:00
SJumZ6ng5Uk,2019-08-30T14:09:49+00:00
dUy11UbxPBc,2019-08-30T13:43:22+00:00
ruBKX3ILMfM,2019-08-29T23:36:06+00:00
OVOfuiB2mvc,2019-08-29T16:13:41+00:00
c8ILv7SMGZw,2019-08-29T16:13:27+00:00
bDjeRqqQu2A,2019-08-29T14:56:16+00:00
3WWG-vzpphY,2019-08-29T14:56:02+00:00
oLpGtSWjWmM,2019-08-29T14:55:57+00:00
m2LfqLLjWE4,2019-08-29T14:55:48+00:00
vkKCVCZe474,2019-08-29T14:55:38+00:00
0QLGNumVdGA,2019-08-23T13:29:38+00:00
bE6w6zYYQYU,2019-08-22T03:25:11+00:00
HJmTxB5YSEw,2019-08-22T03:20:52+00:00
IP6TJXTEUwc,2019-08-20T23:54:06+00:00
nXLlcoOEzhQ,2019-08-20T23:53:32+00:00
NM4iBO3_N-k,2019-08-20T23:53:01+00:00
YFUh7A_wQFs,2019-08-20T17:53:26+00:00
pJaCxQqSN8Y,2019-08-20T17:53:01+00:00
WpXn9XrK2hM,2019-08-16T19:56:19+00:00
V4xT3DlVTkE,2019-08-16T05:25:14+00:00
ZHhr_Q0fB5k,2019-08-15T15:58:00+00:00
aoB6Gsp9Drc,2019-08-15T12:30:47+00:00
oWpy0Jm8M5M,2019-08-14T16:31:29+00:00
KtLjVgTnbew,2019-08-14T16:31:16+00:00
f4wlOCqM1vU,2019-08-13T11:49:09+00:00
PIWSj-_itHg,2019-08-10T14:08:49+00:00
g0ac3BHsYNw,2019-08-10T11:35:18+00:00
Gp498O17mpQ,2019-08-09T15:53:19+00:00
dv7hEs3h-nM,2019-08-09T15:48:28+00:00
2rJInXFAdoM,2019-08-09T15:16:56+00:00
PIrO_EzbQS0,2019-08-09T15:16:46+00:00
jJDRPS4CgnQ,2019-08-09T15:16:27+00:00
rlK7JIAz9WY,2019-08-03T15:38:11+00:00
i4unS1HmlMo,2019-08-03T15:36:44+00:00
lTRlsT93qXs,2019-08-02T08:08:45+00:00
G-Fg7l7G1zw,2019-08-02T00:10:18+00:00
ZluwMzpFfEk,2019-07-27T11:44:24+00:00
D4tx6CqxzEo,2019-07-27T11:35:58+00:00
Z2U_cM0_7cA,2019-07-27T05:42:29+00:00
2a_xBvFGRgE,2019-07-27T05:42:15+00:00
vrpof_QQUe0,2019-07-26T06:19:20+00:00
UJfqp1dmJ3I,2019-07-26T06:19:02+00:00
URdX9rFIbcc,2019-07-23T08:37:33+00:00
ZusYJm5xHkg,2019-07-22T22:13:02+00:00
kCBg4qSWUy0,2019-07-22T22:12:49+00:00
aDuhajDgXYc,2019-07-22T22:12:19+00:00
4k-SJB1Sypk,2019-07-22T22:09:29+00:00
vsFOp7fDwnQ,2019-07-22T22:08:54+00:00
tq3Jtoi-BUM,2019-06-01T07:52:53+00:00
PkEBrIT5yY4,2019-05-08T00:12:46+00:00
V7uWwhZyws4,2019-05-03T22:27:30+00:00
AAbLmUq6I7E,2019-04-20T08:16:19+00:00
tzBcQcNyr7w,2019-04-17T23:54:49+00:00
6C1nbmc3jlA,2019-04-17T15:56:39+00:00
tF_5k5MuZE4,2019-03-17T21:07:13+00:00
ldKphD4xWrk,2019-03-17T10:01:48+00:00
DaHN677NhbU,2019-01-18T22:29:22+00:00
29ws5byaevo,2019-01-02T17:10:45+00:00
XWT8XaQsn08,2018-12-01T08:48:56+00:00
9gxC3mhjCEU,2018-12-01T07:05:50+00:00
UmWCVwQ24pU,2018-11-28T09:49:48+00:00
suwQUbUTPNU,2018-11-23T16:35:51+00:00
HV9Uy3IONGk,2018-11-01T08:05:57+00:00
BAMeD-_ydC0,2018-10-31T19:10:22+00:00
KeTOFknMP5I,2018-10-27T10:57:26+00:00
FiHvq4Blt08,2018-10-05T23:00:44+00:00
oBwXCUCjcIE,2018-10-05T21:30:23+00:00
AU_2AT2Kk10,2018-09-04T19:09:47+00:00
VHcACpxuTJM,2018-07-04T14:24:46+00:00
9Y4vII7-8o0,2022-02-13T19:52:50+00:00
dy3RTFFhSYs,2022-02-13T19:52:55+00:00
z7gSKbBp49M,2022-02-15T07:11:40+00:00
iDhJl4WIG_k,2022-02-19T04:45:07+00:00
KE7OrRqpFjI,2022-02-22T07:05:50+00:00
Giy3NJJHFe8,2022-02-24T20:06:27+00:00
9gT89dzv-Cg,2022-02-24T20:06:33+00:00
0oHeFunmRAw,2022-02-25T08:34:26+00:00
jYgZh1MbnFs,2022-02-26T23:27:15+00:00
SjdkFrDvHBo,2022-03-01T11:55:47+00:00
XxsgrrZumEk,2022-03-04T16:25:01+00:00
Bd6RESaCxc4,2022-03-04T17:24:26+00:00
1fPWr0d5zBE,2022-03-04T20:55:20+00:00
ViRD0wRyspc,2022-03-05T10:23:08+00:00
T15gXm6ha_I,2022-03-05T11:03:12+00:00
SNg132r9_s0,2022-03-06T09:39:09+00:00
m7gPZZqP-0k,2022-03-07T12:53:29+00:00
Zj9XWdgttFM,2022-03-08T09:58:14+00:00
cv_EiyPlFpY,2022-03-13T00:12:38+00:00
uV4L-wcnK3Y,2022-03-14T10:00:00+00:00
4ubjyHUJpRo,2022-03-16T08:12:44+00:00
r5qUK8c5Y9g,2022-03-16T09:28:47+00:00
Lk_v6Q0YsNo,2022-03-17T18:49:01+00:00
YPMoHitceqc,2022-03-18T07:02:28+00:00
13GVe_FEPDE,2022-03-18T20:06:15+00:00
1TIpiZnh1P0,2022-03-18T20:09:36+00:00
rP86Bby9Y9M,2022-03-20T12:25:28+00:00
DdhLBZpIq2c,2022-03-21T07:02:53+00:00
fETZCWvzkWM,2022-03-23T07:24:15+00:00
AC4k3oA4bb8,2022-03-26T13:42:15+00:00
 -dZCk-su_X4,2022-03-26T13:43:52+00:00
xqahlJoAKfY,2022-03-28T17:20:33+00:00
nzwU9RR6l2w,2022-03-29T08:06:05+00:00
E6A4WvsDeLE,2022-03-30T11:11:05+00:00
r13frEJgZcM,2022-04-01T08:20:22+00:00
AibZo2YKgHc,2022-04-07T11:15:09+00:00
XsXTlupJPPg,2022-04-11T20:15:02+00:00
KKHLMhYxnhM,2022-04-12T18:06:40+00:00
M73XCOzZAU0,2022-04-13T15:11:57+00:00
mzDCuS2l_qI,2022-04-15T12:24:00+00:00
NFtQOxjWfaA,2022-04-16T15:21:10+00:00
qeGQgPQsJJI,2022-04-18T23:29:30+00:00
FRRBPfWpDuI,2022-04-20T10:41:56+00:00
MADm7bS6RwQ,2022-04-20T16:26:57+00:00
g2gp_CxHBrk,2022-04-22T14:38:31+00:00
H3R1y1ADCZw,2022-04-22T18:23:24+00:00
Swc-uFRkxjg,2022-04-24T21:29:58+00:00
wj5LJnd7RyA,2022-04-25T08:04:34+00:00
qEowX-vOb4E,2022-04-25T15:50:16+00:00
bb8_5vZV5dU,2022-04-27T17:37:34+00:00
b7cl7sn17bo,2022-04-27T22:43:35+00:00
0CUjzYtloe8,2022-04-28T09:10:00+00:00
2_MMdqqgqSs,2022-04-28T12:08:41+00:00
pbm01Os5fnc,2022-04-29T16:24:18+00:00
T8Qc9maLgFU,2022-05-01T16:37:24+00:00
mZyRCRCvwlE,2022-05-02T05:23:08+00:00
5g2zEZoVfDg,2022-05-02T09:05:32+00:00
jYfqYwrC5L4,2022-05-03T08:30:32+00:00
3SqoPSO_W9U,2022-05-04T06:36:38+00:00
nrQ1CQ2HRYk,2022-05-04T09:13:02+00:00
x8LpTBPAJZ8,2022-05-04T13:07:18+00:00
N_DHOAoWWDI,2022-05-07T10:16:45+00:00
fEakGqFk18A,2022-05-13T20:41:15+00:00
pwKOtslwxNA,2022-05-16T00:12:15+00:00
81FCdWo9Mps,2022-05-20T21:30:25+00:00
OP0D5cloQUc,2022-05-22T12:52:38+00:00
bnHJXFM81sg,2022-05-22T20:43:05+00:00
CMKw77fbkOs,2022-05-27T03:17:45+00:00
if-EO46p6V8,2022-05-29T12:44:55+00:00
lAnbxjVGLZM,2022-05-30T11:28:45+00:00
FqdxxSWKmw4,2022-06-06T18:34:30+00:00
HZ175-0YBs8,2022-06-08T15:47:44+00:00
jphmpn5opE8,2022-06-08T18:51:13+00:00
cg0c9RNC2R0,2022-06-12T14:52:30+00:00
CMyyvMfT2gQ,2022-06-14T08:12:26+00:00
vx_n3HU_QPU,2022-06-20T10:47:55+00:00
34zG7LFdwq0,2022-06-21T06:05:52+00:00
rutcoSAy2ow,2022-06-23T19:15:49+00:00
X3yNsomAUvw,2022-06-27T15:42:53+00:00
tvvEqvyh_Vw,2022-06-30T10:13:38+00:00
msGKrclcsbc,2022-07-01T16:41:17+00:00
JwClCc2_zC8,2022-07-01T16:41:24+00:00
se1XZ8D_fCM,2022-07-03T04:55:10+00:00
3GmCHRj8oHE,2022-07-03T06:11:13+00:00
6i01tOMgBDU,2022-07-16T15:11:22+00:00
68b0rsZHidc,2022-07-17T06:28:14+00:00
sQA199D8U2g,2022-07-17T06:28:34+00:00
sMpjv_i5KSE,2022-07-17T06:29:38+00:00
TVcNvuRpBYM,2022-07-18T04:37:55+00:00
nxSjO2QXIco,2022-07-19T11:09:59+00:00
BqSxjmvXzzY,2022-07-19T11:11:08+00:00
TLVwELDMDWs,2022-07-20T04:06:29+00:00
xHNjTAl_oAw,2022-07-20T06:35:43+00:00
QXyat-8Ox_k,2022-07-20T11:08:49+00:00
X8GjbhvJbi4,2022-07-21T08:11:54+00:00
YlISf4U52t0,2022-07-21T09:40:55+00:00
_KfTx8rvbpE,2022-07-22T03:56:56+00:00
5gfH3YTe1zU,2022-07-22T14:16:25+00:00
BP0YLGKxC4U,2022-07-22T16:10:24+00:00
H5o3JqJx50U,2022-07-26T14:58:00+00:00
tBdwetBS1DA,2022-07-29T09:53:26+00:00
fxs1_aljKn8,2022-07-30T15:04:25+00:00
0ka9WBEijhk,2022-08-01T07:30:47+00:00
8jLOx1hD3_o,2022-08-02T05:32:59+00:00
s7fplB1Ajxw,2022-08-04T17:26:26+00:00
yG_xsV2I9X4,2022-08-06T04:38:09+00:00
lUqIPo4DDHE,2022-08-06T04:38:16+00:00
elzM1vcefww,2022-08-18T14:51:53+00:00
3hg8J4nJ94w,2022-09-15T17:40:52+00:00
QWj18VlZQoE,2022-09-15T18:15:40+00:00
DxGlE5C9DvU,2022-09-15T18:16:08+00:00
q4O3gqTJCDc,2022-09-16T19:12:08+00:00
3ddmtgOvhNs,2022-10-25T12:13:48+00:00
R6QdbScqpRo,2022-11-06T15:10:09+00:00
W0B8BB11UYM,2022-12-06T12:47:19+00:00
JsTptu56GM8,2022-12-17T11:41:52+00:00
94yek28_Z50,2022-12-20T16:48:20+00:00
HUaAlDguJOE,2022-12-21T18:36:59+00:00
xJhefuBqkLo,2022-12-22T07:27:29+00:00
0n809nd4Zu4,2023-02-05T12:00:51+00:00
WN2HXsCd0qs,2023-02-07T14:08:33+00:00
ixT4P5h5QpY,2023-02-15T11:42:53+00:00
F4VuvP4MVmw,2023-02-26T13:30:35+00:00
9_j0dWkB2JY,2023-02-28T06:40:27+00:00
QRTF3y1ywX4,2023-02-28T11:48:15+00:00
8i4G1zYBO6A,2023-03-04T16:04:03+00:00
J9mdKFdR-Bk,2023-03-05T11:59:43+00:00
GZKf-aYDfuc,2023-03-08T09:14:22+00:00
fabelAs_m08,2023-03-08T17:32:14+00:00
DUsiQuirk7U,2023-03-12T18:36:37+00:00
qrn-9ZYYVwA,2023-03-18T05:34:30+00:00
50pUxOwLwbo,2023-04-14T06:57:58+00:00
xeZvSRcJkA8,2023-05-01T08:30:52+00:00
A4AG-3h_v0E,2023-05-05T14:34:18+00:00
FX0s2tK-KU8,2023-05-14T07:38:09+00:00
1qw5ITr3k9E,2023-08-03T10:40:33+00:00
zJSY8tbf_ys,2023-08-06T18:42:19+00:00
ydYBRLoBUpY,2023-08-07T19:49:03+00:00
BOCDq-ZlwNA,2023-08-19T17:44:59+00:00
k5-7_HwNsag,2023-08-21T07:31:19+00:00
dqlO6_5rZSQ,2023-11-22T17:37:25+00:00
60_MG-fmmKY,2024-01-29T18:59:34+00:00
Q1CPLnipsLs,2024-07-08T05:49:48+00:00
0fYi8SGA20k,2024-08-13T12:51:21+00:00
1PAy6d16ADQ,2024-08-31T19:12:38+00:00





